item_id,category,maker,name,price,single,double,cost,soft,flavor,smooth,water,design,fun,series,affiliate,image
1,toiletpaper,大王製紙,エリエール トイレットティシュー（シングル 12ロール）,473,TRUE,FALSE,3,4,1,4,2,FALSE,1,エリエール　シングル,"<table cellpadding=""0"" cellspacing=""0"" border=""0"" style="" border:1px solid #ccc; width:300px;""><tr style=""border-style:none;""><td style=""vertical-align:top; border-style:none; padding:10px; width:108px;""><a href=""https://rpx.a8.net/svt/ejp?a8mat=35B6FP+BZ1UR6+2HOM+BWGDT&rakuten=y&a8ejpredirect=http%3A%2F%2Fhb.afl.rakuten.co.jp%2Fhgc%2Fg00t9h04.2bo11b84.g00t9h04.2bo12c3c%2Fa19031896363_35B6FP_BZ1UR6_2HOM_BWGDT%3Fpc%3Dhttp%253A%252F%252Fitem.rakuten.co.jp%252Fwelpark%252F4902011729238%252F%26m%3Dhttp%253A%252F%252Fm.rakuten.co.jp%252Fwelpark%252Fi%252F10005597%252F"" target=""_blank"" rel=""nofollow""><img border=""0"" alt="""" src=""http://thumbnail.image.rakuten.co.jp/@0_mall/welpark/cabinet/201812_02/4902011729238a.jpg?_ex=128x128"" /></a></td><td style=""font-size:12px; vertical-align:middle; border-style:none; padding:10px;""><p style=""padding:0; margin:0;""><a href=""https://rpx.a8.net/svt/ejp?a8mat=35B6FP+BZ1UR6+2HOM+BWGDT&rakuten=y&a8ejpredirect=http%3A%2F%2Fhb.afl.rakuten.co.jp%2Fhgc%2Fg00t9h04.2bo11b84.g00t9h04.2bo12c3c%2Fa19031896363_35B6FP_BZ1UR6_2HOM_BWGDT%3Fpc%3Dhttp%253A%252F%252Fitem.rakuten.co.jp%252Fwelpark%252F4902011729238%252F%26m%3Dhttp%253A%252F%252Fm.rakuten.co.jp%252Fwelpark%252Fi%252F10005597%252F"" target=""_blank"" rel=""nofollow"">エリエール トイレットティシュー（シングル） 12ロール</a></p><p style=""color:#666; margin-top:5px line-height:1.5;"">価格:<span style=""font-size:14px; color:#C00; font-weight:bold;"">473円</span><br/><span style=""font-size:10px; font-weight:normal;"">(2019/4/12 21:11時点)</span><br/><span style=""font-weight:bold;"">感想(0件)</span></p></td></tr></table><img border=""0"" width=""1"" height=""1"" src=""https://www17.a8.net/0.gif?a8mat=35B6FP+BZ1UR6+2HOM+BWGDT"" alt="""">",http://thumbnail.image.rakuten.co.jp/@0_mall/welpark/cabinet/201812_02/4902011729238a.jpg
2,toiletpaper,日本製紙クレシア,スコッティ フラワーパック 2倍巻き6ロール（シングル）,368,TRUE,FALSE,3,2,1,3,1,FALSE,1,スコッティ　シングル,"<table cellpadding=""0"" cellspacing=""0"" border=""0"" style="" border:1px solid #ccc; width:300px;""><tr style=""border-style:none;""><td style=""vertical-align:top; border-style:none; padding:10px; width:108px;""><a href=""https://rpx.a8.net/svt/ejp?a8mat=35B6FP+BZ1UR6+2HOM+BWGDT&rakuten=y&a8ejpredirect=http%3A%2F%2Fhb.afl.rakuten.co.jp%2Fhgc%2Fg00rqsz4.2bo11f16.g00rqsz4.2bo124fa%2Fa19031896363_35B6FP_BZ1UR6_2HOM_BWGDT%3Fpc%3Dhttp%253A%252F%252Fitem.rakuten.co.jp%252Fmatsukiyo%252F4901750137106%252F%26m%3Dhttp%253A%252F%252Fm.rakuten.co.jp%252Fmatsukiyo%252Fi%252F10049369%252F"" target=""_blank"" rel=""nofollow""><img border=""0"" alt="""" src=""http://thumbnail.image.rakuten.co.jp/@0_mall/matsukiyo/cabinet/i0009/4901750137106_1.jpg?_ex=128x128"" /></a></td><td style=""font-size:12px; vertical-align:middle; border-style:none; padding:10px;""><p style=""padding:0; margin:0;""><a href=""https://rpx.a8.net/svt/ejp?a8mat=35B6FP+BZ1UR6+2HOM+BWGDT&rakuten=y&a8ejpredirect=http%3A%2F%2Fhb.afl.rakuten.co.jp%2Fhgc%2Fg00rqsz4.2bo11f16.g00rqsz4.2bo124fa%2Fa19031896363_35B6FP_BZ1UR6_2HOM_BWGDT%3Fpc%3Dhttp%253A%252F%252Fitem.rakuten.co.jp%252Fmatsukiyo%252F4901750137106%252F%26m%3Dhttp%253A%252F%252Fm.rakuten.co.jp%252Fmatsukiyo%252Fi%252F10049369%252F"" target=""_blank"" rel=""nofollow"">日本製紙クレシア スコッティ フラワーパック 2倍巻き 6ロール(シングル) 100m</a></p><p style=""color:#666; margin-top:5px line-height:1.5;"">価格:<span style=""font-size:14px; color:#C00; font-weight:bold;"">368円</span><br/><span style=""font-size:10px; font-weight:normal;"">(2019/4/12 21:19時点)</span><br/><span style=""font-weight:bold;"">感想(42件)</span></p></td></tr></table><img border=""0"" width=""1"" height=""1"" src=""https://www18.a8.net/0.gif?a8mat=35B6FP+BZ1UR6+2HOM+BWGDT"" alt="""">",http://thumbnail.image.rakuten.co.jp/@0_mall/matsukiyo/cabinet/i0009/4901750137106_1.jpg
3,toiletpaper,日本製紙クレシア,クリネックス 12ロール（シングル）,551,TRUE,FALSE,2,2,1,4,1,FALSE,1,クリネックス　シングル,"<table cellpadding=""0"" cellspacing=""0"" border=""0"" style="" border:1px solid #ccc; width:300px;""><tr style=""border-style:none;""><td style=""vertical-align:top; border-style:none; padding:10px; width:108px;""><a href=""https://rpx.a8.net/svt/ejp?a8mat=35B6FP+BZ1UR6+2HOM+BWGDT&rakuten=y&a8ejpredirect=http%3A%2F%2Fhb.afl.rakuten.co.jp%2Fhgc%2Fg00rdtn4.2bo11bb2.g00rdtn4.2bo12479%2Fa19031896363_35B6FP_BZ1UR6_2HOM_BWGDT%3Fpc%3Dhttp%253A%252F%252Fitem.rakuten.co.jp%252Ftukishimado%252Fato64170022%252F%26m%3Dhttp%253A%252F%252Fm.rakuten.co.jp%252Ftukishimado%252Fi%252F15837847%252F"" target=""_blank"" rel=""nofollow""><img border=""0"" alt="""" src=""http://thumbnail.image.rakuten.co.jp/@0_mall/tukishimado/cabinet/at2018/r0020/64170022.jpg?_ex=128x128"" /></a></td><td style=""font-size:12px; vertical-align:middle; border-style:none; padding:10px;""><p style=""padding:0; margin:0;""><a href=""https://rpx.a8.net/svt/ejp?a8mat=35B6FP+BZ1UR6+2HOM+BWGDT&rakuten=y&a8ejpredirect=http%3A%2F%2Fhb.afl.rakuten.co.jp%2Fhgc%2Fg00rdtn4.2bo11bb2.g00rdtn4.2bo12479%2Fa19031896363_35B6FP_BZ1UR6_2HOM_BWGDT%3Fpc%3Dhttp%253A%252F%252Fitem.rakuten.co.jp%252Ftukishimado%252Fato64170022%252F%26m%3Dhttp%253A%252F%252Fm.rakuten.co.jp%252Ftukishimado%252Fi%252F15837847%252F"" target=""_blank"" rel=""nofollow"">★ポイント最大15倍★【翌営業日発送】-ato6417-0022 クリネックス12ロール（シングル）　114mm×60m 64170022 日本製紙クレシア 18265 -【＠オフィス】</a></p><p style=""color:#666; margin-top:5px line-height:1.5;"">価格:<span style=""font-size:14px; color:#C00; font-weight:bold;"">551円</span><br/><span style=""font-size:10px; font-weight:normal;"">(2019/4/12 21:22時点)</span><br/><span style=""font-weight:bold;"">感想(0件)</span></p></td></tr></table><img border=""0"" width=""1"" height=""1"" src=""https://www17.a8.net/0.gif?a8mat=35B6FP+BZ1UR6+2HOM+BWGDT"" alt="""">",http://thumbnail.image.rakuten.co.jp/@0_mall/tukishimado/cabinet/at2018/r0020/64170022.jpg
4,toiletpaper,王子ネピア,ネピア ネピネピ トイレットロール（シングル 12ロール）,699,TRUE,FALSE,2,3,1,4,4,FALSE,1,ネピア　シングル,"<table cellpadding=""0"" cellspacing=""0"" border=""0"" style="" border:1px solid #ccc; width:300px;""><tr style=""border-style:none;""><td style=""vertical-align:top; border-style:none; padding:10px; width:108px;""><a href=""https://rpx.a8.net/svt/ejp?a8mat=35B6FP+BZ1UR6+2HOM+BWGDT&rakuten=y&a8ejpredirect=http%3A%2F%2Fhb.afl.rakuten.co.jp%2Fhgc%2Fg00ramc4.2bo11662.g00ramc4.2bo120ca%2Fa19031896363_35B6FP_BZ1UR6_2HOM_BWGDT%3Fpc%3Dhttp%253A%252F%252Fitem.rakuten.co.jp%252Frcmdse%252Fcg-13219%252F%26m%3Dhttp%253A%252F%252Fm.rakuten.co.jp%252Frcmdse%252Fi%252F15072342%252F"" target=""_blank"" rel=""nofollow""><img border=""0"" alt="""" src=""http://thumbnail.image.rakuten.co.jp/@0_mall/rcmdse/cabinet/cg10/cg-13219.jpg?_ex=128x128"" /></a></td><td style=""font-size:12px; vertical-align:middle; border-style:none; padding:10px;""><p style=""padding:0; margin:0;""><a href=""https://rpx.a8.net/svt/ejp?a8mat=35B6FP+BZ1UR6+2HOM+BWGDT&rakuten=y&a8ejpredirect=http%3A%2F%2Fhb.afl.rakuten.co.jp%2Fhgc%2Fg00ramc4.2bo11662.g00ramc4.2bo120ca%2Fa19031896363_35B6FP_BZ1UR6_2HOM_BWGDT%3Fpc%3Dhttp%253A%252F%252Fitem.rakuten.co.jp%252Frcmdse%252Fcg-13219%252F%26m%3Dhttp%253A%252F%252Fm.rakuten.co.jp%252Frcmdse%252Fi%252F15072342%252F"" target=""_blank"" rel=""nofollow"">王子ネピア ネピア ネピネピ トイレットロール シングル 12ロール 1パック</a></p><p style=""color:#666; margin-top:5px line-height:1.5;"">価格:<span style=""font-size:14px; color:#C00; font-weight:bold;"">699円</span><br/><span style=""font-size:10px; font-weight:normal;"">(2019/4/12 21:23時点)</span><br/><span style=""font-weight:bold;"">感想(0件)</span></p></td></tr></table><img border=""0"" width=""1"" height=""1"" src=""https://www19.a8.net/0.gif?a8mat=35B6FP+BZ1UR6+2HOM+BWGDT"" alt="""">",http://thumbnail.image.rakuten.co.jp/@0_mall/rcmdse/cabinet/cg10/cg-13219.jpg
5,toiletpaper,大王製紙,エリエール トイレットティシュー（ダブル 12ロール）,537,FALSE,TRUE,4,4,2,4,2,FALSE,1,エリエール　ダブル,"<table cellpadding=""0"" cellspacing=""0"" border=""0"" style="" border:1px solid #ccc; width:300px;""><tr style=""border-style:none;""><td style=""vertical-align:top; border-style:none; padding:10px; width:108px;""><a href=""https://rpx.a8.net/svt/ejp?a8mat=35B6FP+BZ1UR6+2HOM+BWGDT&rakuten=y&a8ejpredirect=http%3A%2F%2Fhb.afl.rakuten.co.jp%2Fhgc%2Fg00pl1p4.2bo11b29.g00pl1p4.2bo1257b%2Fa19031896363_35B6FP_BZ1UR6_2HOM_BWGDT%3Fpc%3Dhttp%253A%252F%252Fitem.rakuten.co.jp%252Fkenkocom%252F4902011729245%252F%26m%3Dhttp%253A%252F%252Fm.rakuten.co.jp%252Fkenkocom%252Fi%252F11761431%252F"" target=""_blank"" rel=""nofollow""><img border=""0"" alt="""" src=""http://thumbnail.image.rakuten.co.jp/@0_mall/kenkocom/cabinet/245/4902011729245.jpg?_ex=128x128"" /></a></td><td style=""font-size:12px; vertical-align:middle; border-style:none; padding:10px;""><p style=""padding:0; margin:0;""><a href=""https://rpx.a8.net/svt/ejp?a8mat=35B6FP+BZ1UR6+2HOM+BWGDT&rakuten=y&a8ejpredirect=http%3A%2F%2Fhb.afl.rakuten.co.jp%2Fhgc%2Fg00pl1p4.2bo11b29.g00pl1p4.2bo1257b%2Fa19031896363_35B6FP_BZ1UR6_2HOM_BWGDT%3Fpc%3Dhttp%253A%252F%252Fitem.rakuten.co.jp%252Fkenkocom%252F4902011729245%252F%26m%3Dhttp%253A%252F%252Fm.rakuten.co.jp%252Fkenkocom%252Fi%252F11761431%252F"" target=""_blank"" rel=""nofollow"">エリエール トイレットティシュー ダブル(12ロール)【エリエール】</a></p><p style=""color:#666; margin-top:5px line-height:1.5;"">価格:<span style=""font-size:14px; color:#C00; font-weight:bold;"">537円</span><br/><span style=""font-size:10px; font-weight:normal;"">(2019/4/12 21:24時点)</span><br/><span style=""font-weight:bold;"">感想(1件)</span></p></td></tr></table><img border=""0"" width=""1"" height=""1"" src=""https://www13.a8.net/0.gif?a8mat=35B6FP+BZ1UR6+2HOM+BWGDT"" alt="""">",http://thumbnail.image.rakuten.co.jp/@0_mall/kenkocom/cabinet/245/4902011729245.jpg
6,toiletpaper,ダイオーペーパープロダクツ,シャワートイレのためにつくった 吸水力が2倍のトイレットペーパー12ロール フラワープリント香水付き,410,FALSE,TRUE,3,3,1,3,5,TRUE,1,シャワートイレ　ダブル,"<table cellpadding=""0"" cellspacing=""0"" border=""0"" style="" border:1px solid #ccc; width:300px;""><tr style=""border-style:none;""><td style=""vertical-align:top; border-style:none; padding:10px; width:108px;""><a href=""https://rpx.a8.net/svt/ejp?a8mat=35B6FP+BZ1UR6+2HOM+BWGDT&rakuten=y&a8ejpredirect=http%3A%2F%2Fhb.afl.rakuten.co.jp%2Fhgc%2Fg00t3jp4.2bo1112d.g00t3jp4.2bo12f15%2Fa19031896363_35B6FP_BZ1UR6_2HOM_BWGDT%3Fpc%3Dhttp%253A%252F%252Fitem.rakuten.co.jp%252Fyamada-denki%252F2870172016%252F%26m%3Dhttp%253A%252F%252Fm.rakuten.co.jp%252Fyamada-denki%252Fi%252F10354009%252F"" target=""_blank"" rel=""nofollow""><img border=""0"" alt="""" src=""http://thumbnail.image.rakuten.co.jp/@0_mall/yamada-denki/cabinet/06651723/731404_1826_1.jpg?_ex=128x128"" /></a></td><td style=""font-size:12px; vertical-align:middle; border-style:none; padding:10px;""><p style=""padding:0; margin:0;""><a href=""https://rpx.a8.net/svt/ejp?a8mat=35B6FP+BZ1UR6+2HOM+BWGDT&rakuten=y&a8ejpredirect=http%3A%2F%2Fhb.afl.rakuten.co.jp%2Fhgc%2Fg00t3jp4.2bo1112d.g00t3jp4.2bo12f15%2Fa19031896363_35B6FP_BZ1UR6_2HOM_BWGDT%3Fpc%3Dhttp%253A%252F%252Fitem.rakuten.co.jp%252Fyamada-denki%252F2870172016%252F%26m%3Dhttp%253A%252F%252Fm.rakuten.co.jp%252Fyamada-denki%252Fi%252F10354009%252F"" target=""_blank"" rel=""nofollow"">【ポイント10倍！4月9日(火)20:00～4月16日(火)1:59まで】大王製紙 「エリエール」シャワートイレのためにつくった吸水力が2倍のトイレットペーパー フラワープリント香水付き 12ロール</a></p><p style=""color:#666; margin-top:5px line-height:1.5;"">価格:<span style=""font-size:14px; color:#C00; font-weight:bold;"">410円</span><br/><span style=""font-size:10px; font-weight:normal;"">(2019/4/12 21:27時点)</span><br/><span style=""font-weight:bold;"">感想(0件)</span></p></td></tr></table><img border=""0"" width=""1"" height=""1"" src=""https://www11.a8.net/0.gif?a8mat=35B6FP+BZ1UR6+2HOM+BWGDT"" alt="""">",http://thumbnail.image.rakuten.co.jp/@0_mall/yamada-denki/cabinet/06651723/731404_1826_1.jpg
7,toiletpaper,日本製紙クレシア,スコッティ フラワーパック ダブル 1パック(12個入),356,FALSE,TRUE,5,4,3,4,3,FALSE,1,スコッティ　ダブル,"<table cellpadding=""0"" cellspacing=""0"" border=""0"" style="" border:1px solid #ccc; width:300px;""><tr style=""border-style:none;""><td style=""vertical-align:top; border-style:none; padding:10px; width:108px;""><a href=""https://rpx.a8.net/svt/ejp?a8mat=35B6FP+BZ1UR6+2HOM+BWGDT&rakuten=y&a8ejpredirect=http%3A%2F%2Fhb.afl.rakuten.co.jp%2Fhgc%2Fg00scpc4.2bo11f2a.g00scpc4.2bo12c34%2Fa19031896363_35B6FP_BZ1UR6_2HOM_BWGDT%3Fpc%3Dhttp%253A%252F%252Fitem.rakuten.co.jp%252Fjetprice%252Fx48942%252F%26m%3Dhttp%253A%252F%252Fm.rakuten.co.jp%252Fjetprice%252Fi%252F10048854%252F"" target=""_blank"" rel=""nofollow""><img border=""0"" alt="""" src=""http://thumbnail.image.rakuten.co.jp/@0_mall/jetprice/cabinet/245/909832.jpg?_ex=128x128"" /></a></td><td style=""font-size:12px; vertical-align:middle; border-style:none; padding:10px;""><p style=""padding:0; margin:0;""><a href=""https://rpx.a8.net/svt/ejp?a8mat=35B6FP+BZ1UR6+2HOM+BWGDT&rakuten=y&a8ejpredirect=http%3A%2F%2Fhb.afl.rakuten.co.jp%2Fhgc%2Fg00scpc4.2bo11f2a.g00scpc4.2bo12c34%2Fa19031896363_35B6FP_BZ1UR6_2HOM_BWGDT%3Fpc%3Dhttp%253A%252F%252Fitem.rakuten.co.jp%252Fjetprice%252Fx48942%252F%26m%3Dhttp%253A%252F%252Fm.rakuten.co.jp%252Fjetprice%252Fi%252F10048854%252F"" target=""_blank"" rel=""nofollow"">クレシア/スコッティフラワーパック 2倍巻き 50m ダブル 6ロール/22710</a></p><p style=""color:#666; margin-top:5px line-height:1.5;"">価格:<span style=""font-size:14px; color:#C00; font-weight:bold;"">356円</span><br/><span style=""font-size:10px; font-weight:normal;"">(2019/4/12 21:29時点)</span><br/><span style=""font-weight:bold;"">感想(3件)</span></p></td></tr></table><img border=""0"" width=""1"" height=""1"" src=""https://www16.a8.net/0.gif?a8mat=35B6FP+BZ1UR6+2HOM+BWGDT"" alt="""">",http://thumbnail.image.rakuten.co.jp/@0_mall/jetprice/cabinet/245/909832.jpg
8,toiletpaper,王子ネピア,ネピア おしりセレブ トイレットロール（4ロール）,432,FALSE,TRUE,2,5,1,4,3,FALSE,1,おしりセレブ,"<table cellpadding=""0"" cellspacing=""0"" border=""0"" style="" border:1px solid #ccc; width:300px;""><tr style=""border-style:none;""><td style=""vertical-align:top; border-style:none; padding:10px; width:108px;""><a href=""https://rpx.a8.net/svt/ejp?a8mat=35B6FP+BZ1UR6+2HOM+BWGDT&rakuten=y&a8ejpredirect=http%3A%2F%2Fhb.afl.rakuten.co.jp%2Fhgc%2Fg00qive4.2bo11bcf.g00qive4.2bo129b8%2Fa19031896363_35B6FP_BZ1UR6_2HOM_BWGDT%3Fpc%3Dhttp%253A%252F%252Fitem.rakuten.co.jp%252Fyatownart%252F4901121626581%252F%26m%3Dhttp%253A%252F%252Fm.rakuten.co.jp%252Fyatownart%252Fi%252F10020923%252F"" target=""_blank"" rel=""nofollow""><img border=""0"" alt="""" src=""http://thumbnail.image.rakuten.co.jp/@0_mall/yatownart/cabinet/shohin0002/4901121626581_1.jpg?_ex=128x128"" /></a></td><td style=""font-size:12px; vertical-align:middle; border-style:none; padding:10px;""><p style=""padding:0; margin:0;""><a href=""https://rpx.a8.net/svt/ejp?a8mat=35B6FP+BZ1UR6+2HOM+BWGDT&rakuten=y&a8ejpredirect=http%3A%2F%2Fhb.afl.rakuten.co.jp%2Fhgc%2Fg00qive4.2bo11bcf.g00qive4.2bo129b8%2Fa19031896363_35B6FP_BZ1UR6_2HOM_BWGDT%3Fpc%3Dhttp%253A%252F%252Fitem.rakuten.co.jp%252Fyatownart%252F4901121626581%252F%26m%3Dhttp%253A%252F%252Fm.rakuten.co.jp%252Fyatownart%252Fi%252F10020923%252F"" target=""_blank"" rel=""nofollow"">ネピアおしりセレブトイレットロール4ロールダブル</a></p><p style=""color:#666; margin-top:5px line-height:1.5;"">価格:<span style=""font-size:14px; color:#C00; font-weight:bold;"">432円</span><br/><span style=""font-size:10px; font-weight:normal;"">(2019/4/12 21:33時点)</span><br/><span style=""font-weight:bold;"">感想(0件)</span></p></td></tr></table><img border=""0"" width=""1"" height=""1"" src=""https://www17.a8.net/0.gif?a8mat=35B6FP+BZ1UR6+2HOM+BWGDT"" alt="""">",http://thumbnail.image.rakuten.co.jp/@0_mall/yatownart/cabinet/shohin0002/4901121626581_1.jpg
10,toiletpaper,日本製紙クレシア,クリネックス 極上のおもてなし 4ロール（ダブル）取っ手つき,325,FALSE,TRUE,2,5,2,4,3,TRUE,1,クリネックス,"<table cellpadding=""0"" cellspacing=""0"" border=""0"" style="" border:1px solid #ccc; width:300px;""><tr style=""border-style:none;""><td style=""vertical-align:top; border-style:none; padding:10px; width:108px;""><a href=""https://rpx.a8.net/svt/ejp?a8mat=35B6FP+BZ1UR6+2HOM+BWGDT&rakuten=y&a8ejpredirect=http%3A%2F%2Fhb.afl.rakuten.co.jp%2Fhgc%2Fg00qive4.2bo11bcf.g00qive4.2bo129b8%2Fa19031896363_35B6FP_BZ1UR6_2HOM_BWGDT%3Fpc%3Dhttp%253A%252F%252Fitem.rakuten.co.jp%252Fyatownart%252F4901750228101%252F%26m%3Dhttp%253A%252F%252Fm.rakuten.co.jp%252Fyatownart%252Fi%252F10010274%252F"" target=""_blank"" rel=""nofollow""><img border=""0"" alt="""" src=""http://thumbnail.image.rakuten.co.jp/@0_mall/yatownart/cabinet/kamiseihin/4901750228101.jpg?_ex=128x128"" /></a></td><td style=""font-size:12px; vertical-align:middle; border-style:none; padding:10px;""><p style=""padding:0; margin:0;""><a href=""https://rpx.a8.net/svt/ejp?a8mat=35B6FP+BZ1UR6+2HOM+BWGDT&rakuten=y&a8ejpredirect=http%3A%2F%2Fhb.afl.rakuten.co.jp%2Fhgc%2Fg00qive4.2bo11bcf.g00qive4.2bo129b8%2Fa19031896363_35B6FP_BZ1UR6_2HOM_BWGDT%3Fpc%3Dhttp%253A%252F%252Fitem.rakuten.co.jp%252Fyatownart%252F4901750228101%252F%26m%3Dhttp%253A%252F%252Fm.rakuten.co.jp%252Fyatownart%252Fi%252F10010274%252F"" target=""_blank"" rel=""nofollow"">【特価品】クリネックス 極上のおもてなし 4ロール（ダブル）取っ手つき【紙製品】</a></p><p style=""color:#666; margin-top:5px line-height:1.5;"">価格:<span style=""font-size:14px; color:#C00; font-weight:bold;"">325円</span><br/><span style=""font-size:10px; font-weight:normal;"">(2019/4/12 21:41時点)</span><br/><span style=""font-weight:bold;"">感想(7件)</span></p></td></tr></table><img border=""0"" width=""1"" height=""1"" src=""https://www17.a8.net/0.gif?a8mat=35B6FP+BZ1UR6+2HOM+BWGDT"" alt="""">",http://thumbnail.image.rakuten.co.jp/@0_mall/yatownart/cabinet/kamiseihin/4901750228101.jpg
11,toiletpaper,Scrap,謎解きトイレットペーパー ～赤井×安室ver.～,500,TRUE,FALSE,1,1,1,1,1,TRUE,5,謎解きトイレットペーパー,https://www.scrapmagazine.com/news/2-veropa/,https://www.scrapmagazine.com/wp-content/uploads/2016/10/pic20193.jpg
